"0","```r
# Clean the columns above
demogs.clean <- demogs %>%
                  mutate(
                   dob_clean = if_else(dob_clean > as.Date(\"01/11/2022\", format='%d/%m/%Y'), NA_Date_, dob_clean),
                   dob_clean = if_else(dob_clean == as.Date(\"01/01/1900\", format='%d/%m/%Y'), NA_Date_, dob_clean),
                   dob_clean = if_else(dob_clean == as.Date(\"01/01/1901\", format='%d/%m/%Y'), NA_Date_, dob_clean),
                   sex = case_when(
                     sex == \"MALE\" | sex == \"Male\"  ~ \"Male\",
                     sex == \"FEMALE\" | sex == \"Female\" ~ \"Female\",
                     sex == \"UNKNOWN\" | sex == \"Unknown\" ~ \"Unknown\"
                     ),
                   sex = factor(sex, levels= c(\"Male\", \"Female\", \"Unknown\")),
                   age = as.period(dob_clean %--% as.Date(\"01/07/2022\", format='%d/%m/%Y')))
```"
