"0","```r
mnem.dx <- echo.dx %>% select(diag_mnem, diag_desc) %>% mutate(source = \"echo\") %>%
                        rbind( cath.dx %>% select(\"diag_mnem\" = diag_pre, \"diag_desc\" = pre_desc) %>% mutate(source = \"cath_pre\") ) %>%
                        rbind( cath.dx %>% select(\"diag_mnem\" = diag_pst, \"diag_desc\" = pst_desc) %>% mutate(source = \"cath_post\") ) %>%
                        rbind( surgery.old %>% select(\"diag_mnem\" = OpCode, \"diag_desc\" = OpDesc) %>% mutate(source = \"surgery\") ) %>%
                        mutate(diag_mnem = str_to_upper(diag_mnem),
                               source = factor(source, levels = c(\"echo\", \"cath_pre\", \"cath_post\", \"surgery\"), ordered = TRUE)) %>%
                        count(diag_mnem, diag_desc, source)%>%
                        nest(data = c(source, n)) %>%
                        mutate(n = map_dbl(data, ~sum(.$n, na.rm = TRUE)),
                               source = map_chr(data, ~paste(.[['source']],collapse=\", \"))
                              ) %>%
                        select(-data) %>%
                        arrange(desc(n))
  
```"
