"0","```r
co.occurance %>% as.data.frame() %>%
                 rownames_to_column(var = \"y\") %>% 
                 gather(x, value, rpa:qch) %>%
                 mutate(x = factor(x, levels = c(\"rpa\", \"chw\", \"jhh\", \"rmh\", \"rch\", \"tpch\", \"qch\")), # alphabetical order by default
                        y = factor(y, levels = c(\"qch\", \"tpch\", \"rch\", \"rmh\", \"jhh\", \"chw\", \"rpa\"))
                        ) %>%
                      ggplot(aes(x=x, y=y, fill=value)) + 
                      geom_tile(color = \"white\", size = 0.1) +
                      scale_fill_distiller(palette=\"Greens\", direction=1) +
                      scale_x_discrete(position = \"top\") + 
                      guides(fill=\"none\") + # removing legend for `fill`
                      labs(title = \"Duplicates distribution\",
                           x = \"\",
                           y = \"\") + # using a title instead
                      geom_text(aes(label=value), color=\"black\") +
                      theme_minimal() + coord_equal()
```"
