"0","```r
set.seed(555)

surgery.epcc.testing <- surgery.epcc %>% filter( !is.na(epcc) ) %>%
                                          select(pt_id, opid, Op_date, epcc) %>%
                                          sample_n(30) %>%
                                          left_join(crs.demogs %>% select(pt_id, mrn, surname, given_name, dob_clean, sex), by = \"pt_id\" ) %>%
                                          select(pt_id, mrn, surname, given_name, dob_clean, sex,  opid, Op_date, epcc)
```"
