{"chunk_definitions":[{"chunk_id":"cb87kq9dr1q6j","expansion_state":0,"options":[],"row":102,"row_count":1,"visible":true},{"chunk_id":"cf5ahq2q61vo9","expansion_state":0,"options":[],"row":107,"row_count":1,"visible":true},{"chunk_id":"c9k2ragvevxss","expansion_state":0,"options":[],"row":112,"row_count":1,"visible":true},{"chunk_id":"cfi4yn4w3kro2","expansion_state":0,"options":[],"row":117,"row_count":1,"visible":true},{"chunk_id":"c5mw7trrzrvfl","expansion_state":0,"options":[],"row":121,"row_count":1,"visible":true},{"chunk_id":"cn9vr4lvlkydd","expansion_state":0,"options":[],"row":144,"row_count":1,"visible":true},{"chunk_id":"c4eky7zofpyfd","expansion_state":0,"options":[],"row":150,"row_count":1,"visible":true},{"chunk_id":"cne8edtm4rqqo","expansion_state":0,"options":[],"row":155,"row_count":1,"visible":true},{"chunk_id":"cti1rxulwmvti","expansion_state":0,"options":[],"row":158,"row_count":1,"visible":true},{"chunk_id":"cs3vb4otqicuz","expansion_state":0,"options":[],"row":164,"row_count":1,"visible":true},{"chunk_id":"c590rxhq4ozz9","expansion_state":0,"options":[],"row":173,"row_count":1,"visible":true},{"chunk_id":"ca0fupy3ofpv8","expansion_state":0,"options":[],"row":178,"row_count":1,"visible":true},{"chunk_id":"cxrtrqegei1mo","expansion_state":0,"options":[],"row":189,"row_count":1,"visible":true},{"chunk_id":"ck2nkxrpx3uph","expansion_state":0,"options":[],"row":214,"row_count":1,"visible":true}],"doc_write_time":1665342290.10785}
