"0","x <- read_csv(paste0(prt_path, filename), col_types = cols(.default = ""c"")) %>%"
"0","              select(""epcc_code"" = IPCCC_CODE_R, "
"0","                     ""epcc_name"" = PROCEDURE_IPCCC_R,"
"0","                     ""sts_code"" = STS_CODE_R,"
"0","                     ""sts_name"" = PROCEDURE_STS_R,"
"0","                     ""chd"" = PROC_ELIGIBILITY,"
"0","                     ""CHAANZ_source"" = CHAANZ_SOURCE) %>% {"
"0","                       if(remove_misc) {select(., -CHAANZ_source)} else {.}"
"0","                     } %>% {"
"0","                       if(remove_sts) {select(., -sts_code, -sts_name)} else {.}"
"0","                     }   %>% {"
"0","                       if(remove_chd) {select(., -chd)} else {.}"
"0","                     } "
