{"chunk_definitions":[{"row":10,"row_count":1,"visible":true,"expansion_state":0,"options":{"engine":"r","label":"setup","include":false},"document_id":"697D6365","chunk_id":"csetup_chunk","chunk_label":"setup"},{"row":15,"row_count":1,"visible":true,"expansion_state":0,"options":{"engine":"r","label":"unnamed-chunk-36"},"document_id":"697D6365","chunk_id":"c5ce14qvoecda","chunk_label":"unnamed-chunk-1"},{"row":26,"row_count":1,"visible":true,"expansion_state":0,"options":{"engine":"r","label":"unnamed-chunk-29"},"document_id":"697D6365","chunk_id":"cuyogno20rmqf","chunk_label":"unnamed-chunk-2"},{"row":36,"row_count":1,"visible":true,"expansion_state":0,"options":{"engine":"r","label":"unnamed-chunk-30"},"document_id":"697D6365","chunk_id":"cpkt598tbada4","chunk_label":"unnamed-chunk-3"},{"row":45,"row_count":1,"visible":true,"expansion_state":0,"options":{"engine":"r","label":"unnamed-chunk-38"},"document_id":"697D6365","chunk_id":"cxellhlyf9opv","chunk_label":"unnamed-chunk-4"},{"row":55,"row_count":1,"visible":true,"expansion_state":0,"options":{"engine":"r","label":"unnamed-chunk-33"},"document_id":"697D6365","chunk_id":"cn0wcmkhiy397","chunk_label":"unnamed-chunk-5"},{"row":71,"row_count":1,"visible":true,"expansion_state":0,"options":{"engine":"r","label":"unnamed-chunk-35"},"document_id":"697D6365","chunk_id":"cipv08dxkw1fj","chunk_label":"unnamed-chunk-6"}],"doc_write_time":1692064500,"working_dir":null,"default_chunk_options":{"echo":true}}