"0","missing.values <- patient.table %>%"
"0","  gather(key = ""key"", value = ""val"") %>%"
"0","  mutate(isna = is.na(val)) %>%"
"0","  group_by(key) %>%"
"0","  mutate(total = n()) %>%"
"0","  group_by(key, total, isna) %>%"
"0","  summarise(num.isna = n()) %>%"
"0","  mutate(pct = num.isna / total * 100)"
"0",""
"0","levels <- (missing.values %>% filter(isna == T) %>% arrange(desc(pct)))$key"
"0",""
"0","percentage.plot <- missing.values %>%"
"0","      ggplot() +"
"0","        geom_bar(aes(x = reorder(key, desc(pct)), "
"0","                     y = pct, fill=isna), "
"0","                 stat = 'identity', alpha=0.8) +"
"0","      scale_x_discrete(limits = levels) +"
"0","      scale_fill_manual(name = """", "
"0","                        values = c('steelblue', 'tomato3'), labels = c(""Present"", ""Missing"")) +"
"0","      coord_flip() +"
"0","      labs(title = ""Percentage of\nmissing values"", x ="
"0","             '', y = ""% of missing values"")"
"0",""
"0","row.plot <- patient.table %>%"
"0","  mutate(id = row_number()) %>%"
"0","  gather(-id, key = ""key"", value = ""val"") %>%"
"0","  mutate(isna = is.na(val)) %>%"
"0","  ggplot(aes(key, id, fill = isna)) +"
"0","    geom_raster(alpha=0.8) +"
"0","    scale_fill_manual(name = """","
"0","        values = c('steelblue', 'tomato3'),"
"0","        labels = c(""Present"", ""Missing"")) +"
"0","    scale_x_discrete(limits = levels) +"
"0","    labs(x = """","
"0","           y = ""Row Number"", title = ""Missing values\nin rows"") +"
"0","    coord_flip()"
"0",""
"0","ggarrange(percentage.plot, row.plot, ncol = 2, common.legend = TRUE, legend=""bottom"")"
