{"chunk_definitions":[{"row":37,"row_count":1,"visible":true,"expansion_state":0,"options":[],"document_id":null,"chunk_id":"ciyoulokhqx9u","chunk_label":"unnamed-chunk-1"},{"row":51,"row_count":1,"visible":true,"expansion_state":0,"options":[],"document_id":null,"chunk_id":"cbw4h3a9j84yq","chunk_label":"unnamed-chunk-2"},{"row":60,"row_count":1,"visible":true,"expansion_state":0,"options":[],"document_id":null,"chunk_id":"caxs3xaqsgbhb","chunk_label":"unnamed-chunk-3"},{"row":105,"row_count":1,"visible":true,"expansion_state":0,"options":[],"document_id":null,"chunk_id":"ccm2af2uq3q6y","chunk_label":"unnamed-chunk-4"},{"row":231,"row_count":1,"visible":true,"expansion_state":0,"options":[],"document_id":null,"chunk_id":"c8syrmdy7yqgn","chunk_label":"unnamed-chunk-7"},{"row":263,"row_count":1,"visible":true,"expansion_state":0,"options":[],"document_id":null,"chunk_id":"c7gmbuzrwj1gj","chunk_label":"unnamed-chunk-8"},{"row":282,"row_count":1,"visible":true,"expansion_state":0,"options":[],"document_id":null,"chunk_id":"cab93fjjaiasa","chunk_label":"unnamed-chunk-9"},{"row":289,"row_count":1,"visible":true,"expansion_state":0,"options":[],"document_id":null,"chunk_id":"cxq42imf62myu","chunk_label":"unnamed-chunk-10"},{"row":304,"row_count":1,"visible":true,"expansion_state":0,"options":[],"document_id":null,"chunk_id":"c3l35lwu8ppmv","chunk_label":"unnamed-chunk-11"},{"row":319,"row_count":1,"visible":true,"expansion_state":0,"options":[],"document_id":null,"chunk_id":"c2oujo01e1ats","chunk_label":"unnamed-chunk-12"},{"row":326,"row_count":1,"visible":true,"expansion_state":0,"options":[],"document_id":null,"chunk_id":"cjdgplqclt7ns","chunk_label":"unnamed-chunk-13"},{"row":345,"row_count":1,"visible":true,"expansion_state":0,"options":[],"document_id":null,"chunk_id":"c5aadb4rvcg6l","chunk_label":"unnamed-chunk-14"},{"row":365,"row_count":1,"visible":true,"expansion_state":0,"options":[],"document_id":null,"chunk_id":"cc8spmmvptl2e","chunk_label":"unnamed-chunk-15"},{"row":382,"row_count":1,"visible":true,"expansion_state":0,"options":[],"document_id":null,"chunk_id":"c05u558yn2spm","chunk_label":"unnamed-chunk-16"},{"row":395,"row_count":1,"visible":true,"expansion_state":0,"options":[],"document_id":null,"chunk_id":"cvh5b00974dzu","chunk_label":"unnamed-chunk-17"},{"row":412,"row_count":1,"visible":true,"expansion_state":0,"options":[],"document_id":null,"chunk_id":"ccsp1lj04aiyz","chunk_label":"unnamed-chunk-18"},{"row":430,"row_count":1,"visible":true,"expansion_state":0,"options":[],"document_id":null,"chunk_id":"cjb7r8ioyhivq","chunk_label":"unnamed-chunk-19"},{"row":455,"row_count":1,"visible":true,"expansion_state":0,"options":[],"document_id":null,"chunk_id":"cz26ny0ynm55i","chunk_label":"unnamed-chunk-20"},{"row":476,"row_count":1,"visible":true,"expansion_state":0,"options":[],"document_id":null,"chunk_id":"c6m9joekqs4ua","chunk_label":"unnamed-chunk-21"},{"row":499,"row_count":1,"visible":true,"expansion_state":0,"options":[],"document_id":null,"chunk_id":"chjkup3ypnq0n","chunk_label":"unnamed-chunk-22"},{"row":523,"row_count":1,"visible":true,"expansion_state":0,"options":[],"document_id":null,"chunk_id":"c16pzlmcof83u","chunk_label":"unnamed-chunk-23"},{"row":545,"row_count":1,"visible":true,"expansion_state":0,"options":[],"document_id":null,"chunk_id":"cdo8p3tjfptv7","chunk_label":"unnamed-chunk-24"},{"row":568,"row_count":1,"visible":true,"expansion_state":0,"options":[],"document_id":null,"chunk_id":"c3w9y8p70vbrz","chunk_label":"unnamed-chunk-25"},{"row":591,"row_count":1,"visible":true,"expansion_state":0,"options":[],"document_id":null,"chunk_id":"cjhrgpsrfm3hp","chunk_label":"unnamed-chunk-26"},{"row":613,"row_count":1,"visible":true,"expansion_state":0,"options":[],"document_id":null,"chunk_id":"csfs5rvz71zou","chunk_label":"unnamed-chunk-27"},{"row":635,"row_count":1,"visible":true,"expansion_state":0,"options":[],"document_id":null,"chunk_id":"ca293vg96agdi","chunk_label":"unnamed-chunk-28"},{"row":657,"row_count":1,"visible":true,"expansion_state":0,"options":[],"document_id":null,"chunk_id":"ccd71w0gg4dbz","chunk_label":"unnamed-chunk-29"},{"row":673,"row_count":1,"visible":true,"expansion_state":0,"options":[],"document_id":null,"chunk_id":"cikszc6g9o0dd","chunk_label":"unnamed-chunk-30"},{"row":712,"row_count":1,"visible":true,"expansion_state":0,"options":[],"document_id":null,"chunk_id":"cernfntknsj7k","chunk_label":"unnamed-chunk-31"},{"row":738,"row_count":1,"visible":true,"expansion_state":0,"options":[],"document_id":null,"chunk_id":"c2shzctgy9zgt","chunk_label":"unnamed-chunk-32"},{"row":755,"row_count":1,"visible":true,"expansion_state":0,"options":[],"document_id":null,"chunk_id":"csiy9009m6btf","chunk_label":"unnamed-chunk-33"},{"row":780,"row_count":1,"visible":true,"expansion_state":0,"options":[],"document_id":null,"chunk_id":"crumvjyd3h1qh","chunk_label":"unnamed-chunk-34"},{"row":797,"row_count":1,"visible":true,"expansion_state":0,"options":[],"document_id":null,"chunk_id":"ckoanu6dwsprk","chunk_label":"unnamed-chunk-35"},{"row":815,"row_count":1,"visible":true,"expansion_state":0,"options":[],"document_id":null,"chunk_id":"ck48nj9qwyi20","chunk_label":"unnamed-chunk-36"},{"row":856,"row_count":1,"visible":true,"expansion_state":0,"options":[],"document_id":null,"chunk_id":"c89go5vpdxhox","chunk_label":"unnamed-chunk-37"},{"row":863,"row_count":1,"visible":true,"expansion_state":0,"options":[],"document_id":null,"chunk_id":"c9vbk2r008g94","chunk_label":"unnamed-chunk-38"},{"row":874,"row_count":1,"visible":true,"expansion_state":0,"options":[],"document_id":null,"chunk_id":"c5h4qxpbbpd6a","chunk_label":"unnamed-chunk-39"}],"doc_write_time":1670913018}