{"chunk_definitions":[{"chunk_id":"cu42iyi0hi41f","expansion_state":0,"options":[],"row":102,"row_count":1,"visible":true},{"chunk_id":"caepbglj17nhk","expansion_state":0,"options":[],"row":107,"row_count":1,"visible":true},{"chunk_id":"c3pplof86qgld","expansion_state":0,"options":[],"row":112,"row_count":1,"visible":true},{"chunk_id":"c9ronnenupsc5","expansion_state":0,"options":[],"row":117,"row_count":1,"visible":true},{"chunk_id":"c3rulruedr768","expansion_state":0,"options":[],"row":121,"row_count":1,"visible":true},{"chunk_id":"c566fp1k7o7rx","expansion_state":0,"options":[],"row":144,"row_count":1,"visible":true},{"chunk_id":"cdquunwq687cq","expansion_state":0,"options":[],"row":150,"row_count":1,"visible":true},{"chunk_id":"crxlc2qe7izc7","expansion_state":0,"options":[],"row":155,"row_count":1,"visible":true},{"chunk_id":"c5q0jwcgbosqg","expansion_state":0,"options":[],"row":158,"row_count":1,"visible":true},{"chunk_id":"clzvza3g8q3md","expansion_state":0,"options":[],"row":164,"row_count":1,"visible":true},{"chunk_id":"cu15n2syw892e","expansion_state":0,"options":[],"row":173,"row_count":1,"visible":true},{"chunk_id":"cbmces1no5edx","expansion_state":0,"options":[],"row":178,"row_count":1,"visible":true},{"chunk_id":"cp6jr0op91x6w","expansion_state":0,"options":[],"row":189,"row_count":1,"visible":true},{"chunk_id":"c9ve1vqqiv6m3","expansion_state":0,"options":[],"row":214,"row_count":1,"visible":true}],"doc_write_time":1665342290.10785}
